jmeno,prijimeni,telefonni_cislo,cislo_zamestnance,mesto
Stacy,Pospíšilová,727 293 880,3,plzen
Matěj,Král,770 787 377,6,plzen
Amanda,Wilson,+421 52 656 7231,7,plzen
Angel,Wilson,+421 52 135 2491,8,plzen
Jindřich,Howell,+421 39 043 0948,10,plzen
Alexander,Martinez,721 195 689,13,plzen
Radim,Kopecký,+421 917 371 226,16,plzen
Miroslav,Reed,774 829 074,18,plzen
Emilie,Powell,731 380 539,21,plzen
Nikola,Wade,726 763 154,22,plzen
Katherine,Reed,726 214 968,23,plzen
Kayla,Urbanová,737 772 985,24,plzen
Roman,Moreno,722 284 985,26,plzen
Bohumila,Smith,608 121 912,27,plzen
Blažena,Smith,+421 51 828 2591,28,plzen
Phillip,Malý,731 594 560,29,plzen
Nela,Šťastná,728 454 176,83,liberec
Heather,Marková,604 404 522,84,liberec
Krista,Procházková,+421 50 444 5544,85,liberec
Jennifer,Brown,775 545 190,86,liberec
Ladislava,Blackwell,+421 913 487 200,87,liberec
Robert,Macias,+421 49 929 6856,88,liberec
Dana,Reyes,+421 904 153 942,90,liberec
Vasyl,Veselý,603 759 413,92,liberec
Randy,Veselý,777 149 125,95,liberec
Audrey,Allen,+421 908 839 506,96,liberec
Ivan,Bartoš,603 226 051,99,liberec
Brian,Hall,+421 949 656 098,30,praha
Marta,Kolářová,730 456 163,32,praha
John,Moravec,725 092 179,33,praha
Dominika,Kopecká,722 747 626,34,praha
Marcel,Hájek,+421 902 928 669,35,praha
Milada,Hernandez,773 373 704,38,praha
Catherine,Bender,604 068 460,40,praha
Olga,Němcová,+421 914 172 243,41,praha
Jeffrey,Šťastný,607 628 821,44,praha
Kamila,Říhová,+421 948 396 069,47,praha
Jaromír,Miller,+421 912 615 902,49,praha
Christopher,Zeman,+421 948 150 084,51,praha
Karolína,Short,721 589 083,53,praha
Michelle,Vlčková,+421 41 720 7806,54,praha
Jeffrey,Pospíšil,+421 55 491 6940,56,praha
Ladislav,Blažek,+421 910 274 975,57,praha
John,Bailey,775 021 116,58,praha
William,Shelton,+421 47 745 8219,60,praha
Miroslava,Veselá,774 029 254,62,praha
William,Alexander,+421 949 106 724,63,praha
Kimberly,Bass,+421 912 169 840,64,praha
Nathan,Svoboda,728 710 923,66,praha
Luděk,Bartoš,+421 940 700 326,69,praha
Dillon,Black,734 300 978,70,praha
Robert,Říha,727 351 984,72,praha
Steve,Šimek,604 966 101,74,praha
Theresa,Kučerová,+421 48 528 0081,76,praha
Marta,Butler,+421 944 196 827,78,praha
Samantha,Kadlecová,+421 904 841 543,80,praha
